miR_seq,G1,G2,G3,I1,I2,I3,ONC 2d 1,ONC2d 2,ONC 2d 3,ONC 7d 1,ONC 7d 2,ONC 7d 3
TTTGAACCATCACTCGACTCCT,10745,16073,13219,5271,7250,7304,7583,7099,7017,29672,30964,32293
CACATTACACGGTCGACCTCT,433,588,418,453,318,375,221,277,280,1266,1298,1213
ACCATCGACCGTTGATTGTACC,48,45,64,1184,910,1052,1405,1223,1378,331,210,258
AACATTCATTGTTGTCGGTGGGT,330,308,297,2432,2071,2580,2495,2235,2655,690,901,757
TATTCATTTACTCCCCAGCCTACA,952,1192,1322,174,275,254,137,200,182,1430,1331,1492
CCGCACTGTGGGTACTTGCTGC,78,37,61,217,261,256,275,243,256,100,84,97
TGAGGTAGTAGTTTGTGCTGTTA,16565,14122,21914,41447,47808,44626,46791,46438,51503,18089,18729,21567
TCGGATCCGTCTGAGCTTGGCT,6084,8933,5209,72182,98093,84012,119992,95414,108483,26284,24124,31530
TCTCTGGGCCTGTGTCTTAG,343,393,388,819,899,881,832,846,789,565,638,695
ACCTGGCATACAATGTAGATTT,0,0,0,102,79,94,118,85,95,12,7,14
TGTAAACATCCCCGACTGGAAA,94662,99707,121339,23622,31673,29907,33066,29410,27598,80794,79350,85404
TAGCAGCACGTAAATATTGGCG,18479,16637,14996,4958,2638,3230,3466,2546,2795,11663,8911,11372
CATCCCACTTCTGACACCA,8,12,11,6,6,7,2,2,2,0,0,0
CCTATTCTTGATTACTTGTTTC,302,258,288,18,29,26,39,31,30,100,190,157
CAATGTTTCCACAGTGCATCA,17,40,27,23,26,27,5,12,14,86,96,109
AGAGGTTTTCTGGGTCTCTGTTTC,74,111,121,847,1084,994,618,866,884,214,203,186
TAACAGTCTCCAGTCACGGCCA,113,153,88,72,30,46,44,39,39,287,250,318
TGTAACAGCAACTCCATG,54334,94328,21770,451,721,647,413,528,429,201603,173071,175357
AACATTCAACGCTGTCGGTGAGT,12623,10745,24672,121849,96432,102771,173053,128893,139362,54224,47764,48632
TAAAGCTAGATAACCGAAAGTA,26428,21497,26744,14335,14937,13973,13683,12565,11484,10104,8646,8754
CATACAAGGGTAATTTCTTTTC,591,728,415,107,108,135,58,115,103,1036,1381,1081
GAAGCTCAGAGGGCTCTGATTC,26,16,18,362,281,305,267,298,253,106,27,124
AACAATATCCTGGTGCTGAGT,211,229,188,640,538,528,668,536,545,130,96,212
TCAGTGCATCACAGAACTTTGT,1093,786,1137,2012,1782,2199,3006,2394,2422,491,720,541
TGTAAACATCCTACACTCAGCT,45458,37042,34576,9311,13153,14257,10946,10097,10379,30492,32384,26438
TTCACAAAGCCCATACACTTTC,954,915,667,80,121,122,76,67,75,365,505,334
AAACAAACATGGTGCACTTCTT,1451,1965,2811,693,1405,1286,802,1219,949,5766,5481,7266
TCCCTGAGACCCTAACTTGTGA,62001,45066,66148,132629,216797,176264,236957,207239,204436,32455,29996,34192
AGCAGCCGTAAGTTTCGTTTT,57,50,27,33,47,47,43,45,34,174,133,182
TACGTCATCGTCGTCATCGTTAT,1100,1303,1765,1664,1707,1589,824,1523,1365,3474,3892,3334
CAAAGTGCTCATAGTGCAGGTAG,1497,1234,1001,380,290,347,138,161,186,665,647,557
TAGTGGACCGTATAGCGTACG,1599,2503,1962,1507,1802,1837,1869,1899,1786,3977,4228,3633
TCTCACACAGAAATCGCACCCGT,461,477,612,2402,2091,1481,2494,2209,2301,785,684,602
GACCCTGGTCTGCACTCTGTC,98,105,130,829,615,625,916,699,629,132,109,54
CAAAGCACAGGGCCTGCAGAGA,352,406,421,1551,1659,1254,1868,1616,1548,847,495,850
TGCGGGGCTAGGGCTAACAGC,3049,2812,1774,6616,7239,5745,7008,5447,5934,2210,1414,1875
AACATTCATTGCTGTCGGTGGG,5145,5323,7692,30004,20984,24513,31035,27410,29140,23616,22875,18898
ATATAATACAACCTGCTAAGTG,2104,1524,2001,468,393,453,383,326,314,1150,1271,792
TGTAGGGATGGAAGCCATGAAA,119,53,0,333,315,288,303,296,271,24,37,116
TATGTAACACGGTCCACTAAC,134,243,115,50,54,69,25,37,45,288,304,312
TAACACTGTCTGGTAACGATGTT,30,71,70,185,162,171,575,359,429,40,13,37
AATGCACCCGGGCAAGGATTTGG,315,222,206,26,28,16,17,28,33,52,30,74
AAAAGCTGGGTTGAGAGGGCGAAT,3553,3547,4660,7663,8264,6912,6042,6700,6779,3138,1838,3437
TCCGTCTCAGTTACTTTATAGC,111,116,109,266,256,276,385,276,286,86,102,124
TTCCCTTTGTCATCCTTTGCCT,13471,22090,17541,6180,5769,6336,7116,6937,8526,20779,21001,21197
TCAAGAGCAATAACGAAAAAT,493,353,243,1082,905,1011,1312,867,1047,184,179,113
AGGTTACCCGAGCAACTTTGCAT,739,910,758,2116,3734,3231,4305,3466,3701,693,840,798
AGGAACTAGCCTTCTCTCTGCTT,0,0,0,36,47,31,33,36,26,0,0,12
AGCAGCATTGTACAGGGCTATGA,3723,3943,5001,9232,8867,9120,7411,10030,9172,5260,5044,5471
AGAGGCTTATAGCTCTAAGC,0,0,0,66,64,67,105,82,54,0,9,0
AGGGGTGCTATCTGTGATTGA,76,53,85,270,228,176,313,284,257,50,57,113
GTGAATTGCAGTACTCCAACATTC,372,372,537,801,1034,878,1194,918,1170,391,427,342
TTCATTCGGCTGTCCAGATGTA,0,16,27,157,299,246,408,414,461,160,224,74
ATGTAGGGCTAAAAGCCA,98,105,127,7,0,4,4,2,0,535,321,345
TGTCACTCGGCTCGGCCCACTACC,15,21,42,287,250,195,259,192,253,208,172,177
TTGGAGTTCATGCAAGTTCTAACC,356,264,291,96,240,145,106,281,122,665,661,571
TCTGGCTCCGTGTCTTCACTCCC,456,367,221,3708,2691,2741,4343,2838,3331,825,908,1201
CTATACAATCTACTGTCTTTCC,1192,888,1328,213,173,182,198,172,205,636,734,388
ACTGGACTTGGAGTCAGAAGGT,83,86,41,116,163,134,196,162,191,20,28,55
CAACCTGGAGGACTCCATGCTGT,11,76,0,260,215,213,277,192,305,52,51,31
TGAGGTAGTAAGTTGTATTGTT,1173,1406,1288,4227,3040,2893,3433,2948,3348,1240,1071,1098
ACGGGTTAGGCTCTTGGGAGT,224,103,88,280,428,300,499,451,440,80,96,66
TTGTGTCAATATGCGATGATGT,39,0,27,344,223,324,155,188,226,341,399,289
GCCCCTGGGCCTATCCTAGAAA,187,182,139,501,447,403,405,344,359,106,224,217
TGAGGTAGTAGGTTGTATAGTT,41577,39603,43637,71830,74091,53263,64542,59227,65094,27011,26200,29517
TGAGGTAGTAGGTTGTATAGTT,41577,39603,43637,71830,74091,53263,64542,59227,65094,27011,26200,29517
TCAAGAGCAATAACGAAAAATGT,14077,10349,14920,4800,6459,5416,4660,4896,4996,5440,4418,5610
TGTAACAGCGACTCCATG,211,293,61,15,16,18,4,16,10,435,367,388
TCCGGTTCTCAGGGCTCCACC,9,16,0,106,138,116,195,111,153,14,35,33
AAACATTCGCGGTGCACTTCTT,656,804,1361,547,814,765,602,738,637,1933,1939,1939
TTTGGTGGCTTAGTTCTTTGT,83,47,103,375,739,500,757,740,623,160,162,206
GGCAGAGGAGGGCTGTTCTTCC,20,0,0,122,63,70,117,106,105,18,0,0
TGTGACTGGTTGACCAGAGGGAT,0,0,21,52,54,55,44,55,62,10,24,19
GTGAAATGTTTAGGACCACTAG,500,670,770,121,154,150,790,746,750,411,421,625
TGGGTCTTTGCGGGCAAGATGA,72,76,67,42,44,34,29,37,35,0,28,12
TTATCAGAATCTCCAGGGGTAC,1632,1572,2289,918,723,803,655,551,664,1907,1797,1638
AAGGAGCTTACAATCTAGC,5072,12657,4818,1019,1015,1103,792,1088,958,15692,14982,13812
AGTATTACATGGCCAATCTCC,574,897,734,310,506,478,376,343,414,1022,1354,1182
TCAGGCTCAGTCCCCTCCCGAT,26,66,61,308,229,229,386,277,239,0,21,64
TTTTGCGATGTGTTCCTAATAT,259,235,152,355,447,489,1271,729,1022,10,103,58
TTTTGCGATGTGTTCCTAATAT,259,235,152,355,447,489,1271,729,1022,10,103,58
TCCCTGAGACCCTTTAACCTGT,14457,11626,17921,86103,56532,62876,87252,55787,71789,13311,13403,15564
ATCATGATGGGCTCCTCGGTGT,250,314,203,1228,892,832,896,860,907,419,401,574
TTTATTGAGCACCTCCTATCA,2971,2382,3602,761,1128,1033,1104,1124,972,1423,1566,1254
TTAAGACTTGCAGTGATGTTT,7949,9432,12540,1246,2623,2700,2505,2828,2970,4280,4670,5319
TCTGGCTGCTATGGCCCCCTCT,26,13,33,249,152,147,194,177,175,36,65,50
TAGGTAGTTTCATGTTGTTGGG,0,0,0,63,53,47,117,64,82,0,0,19
TAAGGCACGCGGTGAATGC,24597,26919,38603,16038,18199,13525,13730,17823,13521,51972,67535,46428
TGAGCGCCTCGACGACAGAGC,13,0,15,55,63,46,85,46,63,0,7,0
ACTGGACTTGGAGTCAGAAGGC,4930,6326,2827,6761,9338,8264,11828,9628,10152,2925,3168,2881
TAGGTCACCCGTTTTACTATCC,35,40,45,73,122,114,141,127,147,64,40,23
CAGCAGCACACTGTGGTTTGT,65,105,103,520,266,412,388,349,397,76,65,50
AAGCCCTTACCCCAAAAAGTAT,168,272,373,351,347,349,215,255,266,899,762,617
GAATGTTGCTCGGTGAACCCCT,285,327,264,430,419,405,327,299,389,629,613,823
AGATCGACCGTGTTATATTCGC,413,314,421,643,623,728,696,839,715,603,613,563
TGCAGGAACTTGTGAGTCTCC,70,87,18,258,324,313,378,362,374,291,367,487
TGAGGGGCAGAGAGCGAGACTTT,269,322,494,1148,1001,722,1348,909,1082,194,156,223
CTATACAACCTACTGCCTTCCT,369,322,315,73,97,99,99,93,77,176,108,266
CCCCCAGGTGTGATTCTGATTCGT,308,240,382,458,810,720,837,798,840,204,295,297
CTGGCTGGGGAAAATGAT,1476,2651,1470,186,278,160,234,245,206,6836,3684,7039
TCTGTCCCTCTTGGCCCTTAGT,0,0,0,39,38,31,69,40,50,0,18,14
TTCAAGTAATTCAGGATAGGTT,24781,25294,25798,17994,12748,13973,14838,13197,13451,22368,23143,17866
AGTCAGGCTGCTGGTTATATTCC,5,0,0,43,63,49,32,46,43,33,12,23
CTGTACAACCTTCTAGCTTTCC,708,509,397,11,57,46,50,30,44,212,72,56
ATACAGTTGTTCAACCAGTTAC,378,301,164,247,121,153,150,130,147,886,1098,644
ACGCCCTTCCCCCCCTTCTTCA,1677,1575,1085,456,681,492,236,292,308,1204,1078,1580
CATTGCACTTGTCTCGGTCTGA,1052,928,985,2013,1647,1952,2066,1506,1892,1050,1108,889
TGTGACTGGTTGACCAGAGGGG,1176,1685,1031,1471,1764,1385,1512,1501,1411,3244,2490,3334
AGCGGGCACGGCTGTGAGAGA,0,0,0,24,19,21,16,13,13,12,0,0
ACTGGACTTGGAGTCAGAAGGCT,70,61,15,141,163,158,175,133,177,0,47,62
TGAATCACACAAAGGCAACTTTT,9,16,0,76,64,59,83,59,67,74,75,109
CAACAAATCACAGTCTGCCATA,489,496,964,174,238,221,132,133,150,954,929,831
ATCACATTGCCAGGGATTTCCA,13905,10899,7237,1475,1514,1480,1812,1249,1370,4122,3841,3325
AATCATTCACGGACAACACTTT,117,105,152,96,93,111,63,90,89,365,457,260
TAATACTGCCTGGTAATGATGAC,54,24,42,190,176,157,536,305,347,76,16,74
ATCACATTGCCAGGGATTACCA,8996,9130,4775,1505,1548,1587,1127,1094,1198,5819,5415,5392
TGAGGTTGGTGTACTGTGTGTGA,70,121,121,529,679,521,441,563,515,353,282,526
AGTTCTTCAGTGGCAAGCTTTA,2147,1601,1292,329,514,514,405,549,430,944,811,687
CAGCAGCAATTCATGTTTTGA,6,11,0,15,15,16,29,16,22,0,0,0
TACTGCATCAGGAACTGAC,56,187,15,41,20,26,39,24,21,282,291,421
TATTGCACTCGTCCCGGCCTCC,2327,2521,1698,1135,707,664,1191,646,765,419,623,718
CCACCTCCCCTGCAAACGTCC,11,16,0,19,29,28,25,24,28,42,35,43
GGTAGATTCTCCTTCTATGAGT,48,37,49,81,122,142,158,174,131,120,119,122
AACCCGTAGATCCGATCTTGT,51312,46078,33434,53990,77858,63458,76791,53415,64908,18849,16901,14489
AACCCGTAGATCCGATCTTGT,51312,46078,33434,53990,77858,63458,76791,53415,64908,18849,16901,14489
ACCACCAACCGTTGACTGTACC,19,24,42,238,126,147,220,146,176,0,40,14
GATATAACCAAAGCCCGACTGT,0,13,0,161,78,132,120,80,106,26,39,25
TGTAAACATCCTCGACTGGAAGC,28609,32177,27311,13387,12096,13742,16402,13438,13941,26152,37408,24776
CTTTTTGCGGTCTGGGCTTGC,1472,1710,2368,5286,5501,5695,3490,4908,5577,3639,2822,4024
TCAGTGCACTACAGAACTTTGT,971,744,940,4209,2674,3440,7410,4250,4479,617,494,485
GGGTTCCTGGCATGCTGATTT,0,0,0,26,15,18,32,24,27,0,0,14
ACCTTGGCTCTAGACTGCTTACT,167,98,91,502,608,556,985,593,824,439,152,272
TATGTAACATGGTCCACTAAC,82,100,94,121,101,114,72,67,80,231,150,229
TAATGCCCCTAAAAATCCTTAT,1073,931,637,341,213,290,292,184,212,180,399,295
ACCAGGAGGCTGAGGTCCCTTA,0,0,0,422,209,238,231,200,230,0,11,64
AGCAGCATTGTACAGGGCTATCA,1615,2061,2128,2381,1995,1981,1604,2091,2038,3363,4103,3157
GCTTTGGCACTAGCACATTTTTG,89,119,155,0,3,0,0,0,0,48,58,120
CAAGCTCGTGTCTGTGGGTCCGA,161,90,76,227,242,231,176,244,226,116,78,89
GGTGCCTACTGAGCTGATATC,19,16,0,31,48,43,72,54,44,14,0,0
TAACAGTCTACAGCCATGGTCG,602,955,855,944,446,599,477,385,444,3534,1974,2368
AGAGGTAGTAGGTTGCATAGTT,39684,43366,44708,62771,95867,67110,74534,76561,80544,34453,31649,39438
TATGGAGGTCTCTGTCTGACTTT,159,86,158,251,289,280,237,258,297,339,269,318
GCTGCACTTGGATTTCGTTCCC,0,0,0,39,18,30,33,25,26,0,9,12
TCCTGTACTGAGCTGCCCCGAGT,292,295,446,1081,1508,850,1218,960,1025,378,243,448
TCGTACCGTGAGTAATAATGC,21091,22089,16927,16226,22356,22297,58005,34349,39815,8261,9519,7126
AGCTCGGTCTGAGGCCCCTCAGT,1997,1672,2271,3570,3972,3022,5408,3406,4140,1352,896,1659
CTATACAATCTATTGCCTTCCT,72,84,118,12,8,10,17,8,5,26,64,72
TTTGTGACCTGGTCCACTAACCC,17,0,0,206,124,150,274,142,173,0,34,43
GGATTCCTGGAAATACTGTTCT,0,42,0,607,366,460,1098,518,669,42,9,0
TGGTAGACTATGGAACGTAGG,5059,8208,4469,2303,3001,2296,2328,2859,2231,6936,6925,7470
AAACATGAAGCGCTGCAACA,74,40,0,151,151,155,371,196,230,0,30,27
CAACACCAGTCGATGGGCTGTC,15,0,0,34,28,26,62,33,37,0,0,0
GGTCTTGTTTGGGTTTGTT,0,0,0,55,30,44,72,44,53,26,10,31
TGTAAACATCCTACACTCTCAGC,48441,41380,45101,20408,30915,32266,26901,26389,26523,35832,40583,36748
AGGCAGTGTAGTTAGCTGATTGC,808,680,388,745,1274,993,1147,986,1275,92,149,318
GGTGCTCACATGTCCTCCTCCA,0,0,0,0,0,2,0,4,0,20,11,10
TACATCTGGGCAACTGATTGA,0,18,0,23,26,35,50,51,39,48,55,35
TCCTTCATTCCACCGGAGTCTGT,550,799,1182,3,0,0,102,69,92,609,399,788
CATACACGGCTCTCCTCTCTTC,624,725,1052,478,925,734,443,670,606,1463,1493,1991
TAGGTTATCCGTGTTGCCTTCG,37,34,45,75,81,128,51,91,84,276,203,159
TGAGCACCACCCCTCTCTCAGT,26,29,0,51,54,44,28,40,34,88,64,68
TAGCACCATTTGAAATCAGTGTT,5488,4285,6416,1511,2540,2133,2012,2482,1997,7078,10113,5733
ATCCCACCGCTGCCACCAAA,80,92,91,26,41,36,15,22,23,102,48,64
AGCTCGACTCATGGTTTGAACCA,106,92,255,1242,620,923,1300,761,864,90,145,239
ATCATAGAGGAACATCCACTT,828,957,473,414,267,356,305,318,333,1809,3097,1636
CCACTGCCCCAGGTGCTGC,278,303,88,172,77,77,50,63,52,665,356,627
CGATCCCGCTCAGCTCCACC,9,13,15,28,60,52,155,95,73,0,7,0
CTGACCTATGAATTGACAGCC,2238,2160,1228,3081,4182,3982,5341,3847,4777,3160,2919,3350
ACTGCACTGCAAGCACTTCTTAC,320,285,270,129,215,238,168,184,181,88,142,132
TCCTGTACTGAGCTGCCCCGAG,480,472,646,1483,1463,975,1835,1153,1165,417,233,472
TACGGTGAGCCTGTCATTATT,13,18,36,89,147,153,80,119,130,80,74,83
GTAGTGTTTCCTACTTTA,300,243,112,16,17,14,15,13,12,146,108,142
CAAGTCACTAGTGGTTCCGTTT,489,327,206,402,796,594,1384,774,964,160,98,72
TTCACAGTGGCTAAGTTCTGC,3797,3381,2059,9523,5666,8134,14778,7778,10804,2204,2804,2068
CAAAGAATTCTCCTTTTGGGCTT,524,401,449,948,680,884,1046,822,1012,293,621,250
TTCACAGTGGCTAAGTTCTGCGA,0,0,0,13,22,18,21,28,23,0,16,14
TGAATTACCGAAGGGCCATAA,306,369,682,638,815,735,853,745,819,375,279,289
CTGCCCTGGCCCGAGGGACCGAC,11,16,21,516,271,271,305,194,226,114,21,47
CAAAGTGCTTACAGTGCAGGTAG,1029,832,535,382,291,353,277,220,246,355,323,310
TGAGGTAGGAGGTTGTATAGTT,7958,8762,8164,18462,19431,11283,13909,15232,14346,7709,6816,7882
CGGTCGAACTTGACTATCTAG,1356,1408,752,91,94,72,273,95,115,1150,542,1413
AATCATACACGGTTGACCTATT,198,137,170,20,53,40,18,33,33,276,512,241
TGAGGTAGTAGGTTGTATGGTT,22439,19458,21352,31668,23444,18746,23119,20333,22151,9229,9707,9814
TATGTGCCTTTGGACTACATCG,31,13,18,43,63,65,54,61,52,0,7,33
GTGCATTGTAGTTGCATTGC,30,16,0,364,551,614,318,812,470,60,116,39
TAGCTTATCAGACTGATGTTGA,156054,121834,52558,7613,9120,9202,10716,10444,10060,6978,7855,5919
AGACGGTCGAACTTGACTATCTAG,746,996,722,57,39,40,99,48,54,953,246,919
AGCAGCATTGTACAGGGCTATGAG,0,0,0,47,22,31,39,27,31,28,37,52
AGAGGCTGGCCGTGATGAATTCG,30,16,33,555,258,252,395,333,302,32,7,111
CGGCTCTGGGTCTGTGGGGAGT,9,47,45,288,193,145,147,151,144,110,81,91
TCAGTGCATGACAGAACTTGG,4337,3848,2383,1402,1548,1549,2160,1798,1807,1300,1459,1324
CTGCCGAATCAACTAGCCCTGAAAA,360,260,321,14,5,6,38,9,6,227,101,412
CCTGAAAATGGATGGCGC,360,260,321,14,5,6,38,9,6,227,101,412
GAATCAACTAGCCCTGAAAA,360,260,321,14,5,6,38,9,6,227,101,412
CGAATCAACTAGCCCTGAAAA,360,260,321,14,5,6,38,9,6,227,101,412
CAACTAGCCCTGAAAATG,360,260,321,14,5,6,38,9,6,227,101,412
AGGACTCCATTTGTTTTGATGAT,170,185,121,681,433,569,558,447,559,363,630,561
TCGAGGAGCTCACAGTCTAGT,14239,14941,9699,13335,23510,16965,28079,20784,25222,9272,8957,10414
TTTGCAGTAACAGGTGTGAGC,22,26,0,41,32,36,33,30,28,66,50,52
TCTTTGGTTATCTAGCTGTATGA,58105,42912,60052,55444,79444,88255,55829,77149,75586,26846,28684,25483
AAATCTCTGCAGGCAAATGTGA,91,127,85,73,92,83,73,105,97,190,139,215
ACAGTAGTCTGCACATTGGTT,3229,1975,740,620,1080,969,3189,3384,2885,391,586,435
TCGTATCCCACTTCTGACACCA,282,390,197,112,179,169,110,122,113,18,67,76
TTCCCTTTGTCATCCTATGCCT,101746,100570,53163,30384,18248,25284,33780,19471,25231,42012,56287,40572
TTCAAGTAATCCAGGATAGGCTAGA,313,316,321,200,164,162,183,154,177,321,216,378
GTGGATATTCCTTCTATGGTT,133,82,124,126,166,153,132,237,151,278,378,259
AAGCTGCCAGTTGAAGAACTGC,20,0,0,41,23,33,40,33,37,16,0,0
CTGAGACTAACTCACCTGTCT,70,92,100,40,47,48,93,45,45,112,200,210
AATATATTAAATGGATTTT,113,178,99,0,0,0,4,0,0,287,91,233
AATATATTAAATGGATTTTTGGA,113,178,99,0,0,0,4,0,0,287,91,233
TCGACTCCCGGTGTGGGAACCA,243,256,149,23,82,77,56,72,51,126,189,101
CAACTAGACTGTGAGCTTCTAG,287,251,394,134,215,236,212,284,238,471,786,526
GTCAACACTTGCTGGTTTCCTCT,461,514,594,460,308,415,396,318,349,679,630,538
TGCTCTTTGGTTATCTAGCTGTATGA,202,74,221,0,0,5,0,2,0,14,72,29
ATATATTAAATGGATTTT,87,92,76,0,0,0,0,0,1,172,72,66
ATATATTAAATGGATTTTT,87,92,76,0,0,0,0,0,1,172,72,66
TAGCAGCACATCATGGTTTACA,1523,1066,667,258,374,309,426,325,299,210,197,254
AGCGAGGTTGCCCTTTGTATATT,0,0,0,17,29,17,10,23,23,10,0,0
AATGGCGCCACTAGGGTTGTGT,1404,1055,1279,1245,1445,1138,1310,1375,1036,719,732,699
CCTCCCACACCCAAGGCTTGCA,752,488,367,112,202,141,104,100,95,407,244,359
TTGTGCTTGATCTAACCATGT,1132,1666,1384,633,782,918,606,779,741,1588,2037,1251
AATGACACGATCACTCCCGTTG,771,599,546,435,250,346,387,307,314,531,455,516
TAGCAGCACGTAAATATTGGA,204,137,130,96,67,67,67,60,50,114,104,144
TGAGGTAGTAGATTGTATAGTT,64471,66180,70821,78566,115432,80322,101095,92576,103503,55242,54494,61810
TCCAGCATCAGTGATTTTGTT,291,216,270,599,438,614,529,493,534,535,372,351
TGGAGAGATGGCTCAGCC,4,4,0,9,10,8,17,15,13,5,0,10
TGCTGACCCCTAGTCCAGTGC,13,34,0,54,41,44,16,32,27,84,72,50
AAGCTGCCAGTTGAAGAACTGT,2051,1192,1959,8254,3336,4662,6254,4364,5127,629,871,534
TGCCCACCCTTTACCCCACTCCAGT,107,74,61,128,108,81,59,80,66,182,128,202
GCTGGTTTCATATGGTGGTTTAGA,230,66,164,7,10,13,6,7,3,10,7,23
CAAAGTGCTGTTCGTGCAGGTAG,1197,868,661,560,297,432,434,267,340,315,386,225
CTGGCCCTCTCTGCCCTTCCGT,928,1013,882,8070,4309,4272,4859,3606,3773,2354,2116,2884
CTGGGATGTGGATGTTTACGTC,11,0,0,37,80,59,40,63,56,36,18,0
TGAGGTAGTAGTTTGTACAGTT,97354,109499,126586,163729,313817,212945,185605,212198,242597,85948,80572,97937
TCGAGGAGCTCACAGTCTAGA,115,119,130,136,249,191,309,218,266,146,126,74
TCGAGGAGCTCACAGTCTATA,115,119,130,136,249,191,309,218,266,146,126,74
AAACCGTTACCATTACTGAGT,648,828,1310,206,173,159,330,136,168,829,445,937
ACTGGACTTGGAGTCAGAAGA,39,24,0,60,114,118,72,103,104,26,0,52
TACATACCGACATACACACAGA,53,38,35,6,6,4,4,6,6,31,12,52
ACAAGTCAGGCTCTTGGGACCTAT,169,76,212,691,345,412,681,372,505,132,60,138
ATCCCACCGCTGCCACCA,959,936,315,92,136,138,137,123,105,108,131,91
TCCCTGAGGAGCCCTTTGAGA,56,29,0,150,76,98,344,147,214,68,0,0
CCCAGTGTTTAGACTACCTGTTC,82,61,124,3,8,8,36,66,35,34,48,66
TTTTTCATTATTGCTCCTGACC,1715,1377,670,177,302,259,360,299,268,609,814,604
GAAGTTGTTCGTGGTGGATTCG,215,332,400,502,420,357,264,433,286,605,569,767
CCCATAAAGTAGAAAGCACTAC,359,316,124,48,37,33,63,42,31,110,87,120
ACTGATTTCTTTTGGTGTTCAGA,306,235,161,55,51,67,41,49,47,182,248,85
ACACACAGTCGCCATCTTCGA,0,0,0,57,22,34,51,30,36,0,7,23
TAGCACTATATTTAAACCTATGGA,311,111,221,0,0,0,0,2,0,254,102,105
GGAGAAATTATCCTTGGTGTGTT,54,71,91,120,99,87,86,131,109,128,206,198
TACATACCTACATACACACAGA,15,21,24,0,4,3,0,2,0,0,7,19
CTAGACTGAGGCTCCTTGAGG,2951,2677,2804,2795,4166,2977,5519,3710,3981,1903,1309,2222
TCAAGAGCAATAACGAAAAA,296,430,155,47,70,57,47,67,56,204,166,190
GTCCAGTTTTCCCAGGAATCCCT,1073,1335,797,659,420,565,476,293,539,707,930,732
TCTGTGCTGATTGTCATGTTCTGATC,41,45,21,62,20,62,83,95,73,36,9,19
AACCTGTTGAACAACTGAACCC,13,0,0,89,42,72,117,56,65,38,27,17
TGCAGGTCGTCTTGCAGGGCTTC,0,0,0,257,80,132,167,138,168,60,9,68
ACTCTTTCCCTGTTGCACTACT,0,0,0,8,8,10,13,9,10,10,0,0
AAGGAGCTCACAGTCTATTGA,1825,1643,1022,486,925,712,812,844,857,687,659,666
CACCCGTAGAACCGACCTTGCG,31597,46891,33260,47404,83376,63901,72779,57883,69139,35955,30161,36337
GAGCACCCCATTGGCTACCCACA,339,216,142,93,68,69,25,27,33,78,126,167
TCAGCTCCTATATGATGCCTTT,0,34,0,31,19,28,23,27,20,44,69,58
AATTGCACGGTATCCATCTGTAA,313,179,194,720,390,590,511,318,370,264,166,138
TTCCCTTTGTCATCCTATGCCTGTA,337,266,224,180,73,124,171,85,130,78,130,144
TCAGGTCCCTGTTCGGGCGCCA,103,129,52,34,20,29,37,28,37,23,36,27
CCTCTGGGCCCTTCCTCCAGT,222,116,191,1560,797,732,518,512,577,323,360,382
ATTCCTAGAAATTGTTCACAAT,4385,3315,4339,2305,1227,1663,1672,1501,1764,5291,10039,4751
ACCGTGGCTTTCGATTGTTACT,133,100,136,476,291,344,596,374,445,246,228,429
TATGCAAGGGCAAGCTCTCTTC,626,715,988,991,1628,1467,1293,1804,1549,1455,1967,1780
AAGTCAGGCTCCTGGCTGGAGA,0,0,0,56,31,28,9,20,19,0,23,0
TGTGCAAATCTATGCAAAACTGA,76,53,33,91,82,80,146,80,67,16,18,0
TCGATCGGTCGGTCGGTCAGT,28,37,0,616,198,329,236,243,261,66,55,47
AGCTACATTGTCTGCTGGGTTT,1682,989,585,1177,1100,1112,1660,1439,1576,505,326,543
CACTCCTCCCCTCCCGTCTTGT,256,222,121,86,132,93,59,68,61,90,87,111
CCCCACCTCTTCTCTCCTCAGT,0,0,0,32,38,24,21,26,24,24,61,29
TGAGATGAAGCACTGTAGCTCT,4022,4608,2750,28770,10198,15555,34252,15747,20778,1889,3547,1803
TGTCTTGCAGGCCGTCATGC,115,127,97,232,138,182,252,225,222,218,216,149
TTATTGCTTAAGAATACGCGTAG,317,253,297,347,203,315,182,155,154,557,929,439
AACATAGAGGAAATTTCACGT,82,50,197,67,43,66,68,57,55,327,217,173
TGTCCTCTTCTCCCTCCTCCCA,0,0,0,31,19,19,17,17,11,0,20,14
TATACAAGGGCAAGCTCTCTGT,76,18,97,405,167,217,417,264,279,82,88,157
AATCACTAACTCCACTGCCATC,250,235,52,7,7,8,5,7,9,24,33,0
TTAATGCTAATTGTGATAGGGGT,317,248,73,31,6,16,21,19,16,44,27,31
CGGCGTCATGCAGGAGTTGATT,52,37,39,349,165,184,245,152,202,42,125,107
CAGTGCAATGTTAAAAGGGCAT,1199,997,634,776,363,524,446,321,419,1533,1441,817
AACATTCAACGCTGTCGGTGAGTTTT,139,127,235,537,996,735,569,1499,974,342,384,241
AACATTCAACGCTGTCGGTGAGTTAT,139,127,235,537,996,735,569,1499,974,342,384,241
CTGTGCGTGTGACAGCGGCTAT,9,0,0,8,6,14,0,3,6,12,40,39
GGTGCAGTGCTGCATCTCTGGTA,72,121,18,226,123,157,304,185,215,46,98,120
AAGACGGGAGAAGAGAAGGGAGA,135,105,67,51,59,32,13,19,19,68,13,64
AGACCTACTTATCTACCAACA,252,406,97,14,21,25,19,15,16,128,201,196
TCCCTGAGACCCTAACTTGTGAGA,87,45,79,120,133,116,159,128,149,60,75,130
TCCCTGAGACCCTAACTTGTGAAA,87,45,79,120,133,116,159,128,149,60,75,130
AATAATACATGGTTGATCTTT,498,609,894,406,347,400,339,393,349,1116,2139,957
AATCGTACAGGGTCATCCACTT,293,414,364,563,255,425,482,357,346,675,949,625
AGGTCCTCAGTAAGTATTTGTT,0,0,0,16,27,18,47,49,40,50,28,0
TGGTCGACCAGCTGGAAAGTAAT,0,58,24,75,76,65,71,57,70,38,10,31
AAAAGCTGGGTTGAGAGGGAAA,37,40,61,49,51,37,33,39,40,18,24,23
CCGTCCTGAGCTTGTCGAGCT,54,61,18,403,129,240,313,140,217,26,35,45
AACATTCAACCTGTCGGTGAGT,1056,915,1185,1784,1274,1510,2141,1863,1779,1258,2031,1778
TGTTCTGTGCTCTGTCACTCAGT,9,0,0,7,12,11,6,10,7,0,0,0
TATTGCACTTGTCCCGGCCTGT,370,388,256,1000,470,592,1146,571,753,234,140,224
TATTGCACTTGTCCCGGCCTGA,370,388,256,1000,470,592,1146,571,753,234,140,224
GAGACTGACAAGTTCCCGGGA,13,0,0,29,37,33,60,58,40,16,64,27
GTGCCTACTGAGCTGAAACAGT,815,324,479,299,317,308,573,436,382,58,133,126
GTTAAAGGCTAGGCTCACAACC,19,29,42,52,51,121,244,134,100,30,21,43
CGGGGCAGCTCAGTACAGGAT,59,32,24,133,88,80,106,66,79,58,54,60
TCACAGTGAACCGGTCTCTTT,2532,3905,3429,2936,3958,3099,4586,4042,3742,2116,2367,2662
CGCATCCCCTAGGGCATTGGTGT,256,261,221,591,288,293,215,205,205,653,520,415
ATCCCACTTCTGACACCA,2775,2586,923,608,802,789,820,489,462,317,807,496
TAGCAGCACAGAAATATTGGCA,1389,1582,1477,1671,1057,1118,1380,1018,1136,837,810,840
CAGCAGCAATTCATGTTT,554,865,249,163,74,117,137,93,141,437,577,367
TGAGAACTGAATTCCATGGGTT,70,76,79,194,107,123,286,124,211,70,54,80
AGGTCAGAGGTCGATCCTGGGC,0,0,15,54,15,31,19,14,26,0,0,0
TTCAAGTAATCCAGGATAGGCTTTT,496,485,437,393,421,423,601,500,603,477,494,365
TACAGTATAGATGATGTACT,74,84,206,11,8,3,11,0,5,56,61,130
TGTAAACATCCTTGACTGGAAGC,25032,22290,21696,12077,13954,16125,13592,14900,14121,19114,30290,18051
AGAGCTTAGCTGATTGGTGAACA,0,0,0,17,9,7,15,19,20,0,10,19
TGACACCTGCCACCCAGCCCAAG,48,32,112,196,145,142,164,136,126,44,121,91
GTCGAACTTGACTATCTAG,148,116,24,5,6,2,0,5,6,66,40,50
CCTGTTCTCCATTACTTGGCTC,9,0,15,22,12,17,22,20,18,0,11,0
TGCTATGCCAACATATTGCCATC,865,1155,170,34,37,36,58,38,40,100,71,29
AAGAATCTCTACAAGTAAGTGT,11,24,24,2,3,5,0,5,0,0,0,17
TGGAAGACTTGTGATTTTGTTGTT,4642,4310,6619,12165,14693,9070,11447,7838,11047,7703,5379,10320
CGGGGCAGCTCAGTACAGGATA,27,21,23,53,66,39,44,41,38,11,16,42
CAACAAGTCCCAGTCTGCCACA,122,55,73,39,47,45,14,25,25,230,64,219
TGTAGTACTGAGTCTGTCGTGT,0,0,0,13,12,5,7,6,11,0,9,0
TAAAGTGCTTATAGTGCAGGTAG,939,601,324,294,203,241,354,177,217,146,142,83
CGTGTTCACAGCGGACCTTGA,52,39,120,156,165,201,100,157,144,127,185,129
CATGCCTTGAGTGTAGGACTGT,19,13,15,205,60,140,91,62,95,56,52,0
CAACGGAATCCCAAAAGCAGCTG,5811,6818,5791,31417,12565,17953,24685,12801,19063,8789,7728,6767
CTGGTTTCACATGGTGGCTTAGA,70,79,146,144,113,130,84,117,100,329,186,179
GCCTGCTGGGGTGGAACCTGGT,26,32,42,573,205,220,485,249,262,24,7,136
CAGGTCACGTCTCTGCAGTTA,0,0,0,21,40,29,14,30,34,12,0,31
CTGTGCGTGTGACAGCGGCTGA,228,193,258,2051,718,1063,453,464,559,421,555,592
GTCATTTTTGTGATGTTGCAGCT,24,0,0,30,23,25,21,10,20,36,31,64
CTATACGGCCTCCTAGCTTTCC,258,203,185,78,160,159,152,125,156,287,184,241
GCTGGGAAGGCAAAGGGACGT,144,137,124,158,62,76,82,50,38,20,79,10
TACCCTGTAGAACCGAATTTGT,376,295,337,60,30,40,98,34,117,607,156,243
ATTGGGGACGCTTCGCATTCAT,26,13,18,2,6,12,5,12,10,10,0,0
TGGATATGATGACTGATTACCTGAGA,815,923,1298,366,825,565,670,682,724,475,359,600
TGTGCAAATCCATGCAAAACTGA,231,179,236,199,165,188,246,135,144,74,138,80
TAGCACCATTTGAAATCGGTT,5231,3865,6897,1179,2357,1803,1901,4159,2204,3494,7008,4361
TAATACTGTCTGGTAATGCCGT,9,0,0,0,0,0,13,9,13,10,0,0
AACATTCATTGCTGTCGGTGGGTTGT,0,0,0,59,18,28,41,21,28,24,0,0
AACATTCATTGCTGTCGGTGGGTAGT,0,0,0,59,18,28,41,21,28,24,0,0
ATCCCACTCCTGACACCA,1025,1118,446,492,914,923,1267,812,759,171,308,199
GTGAGGACTGGGGAGGTGGAG,139,187,215,574,327,263,246,209,190,565,303,609
TGGAGAGAAAGGCAGTTCCTGA,382,411,409,2132,807,1130,1138,828,1024,491,434,629
CTATACAACTTACTACTTTCCT,139,45,133,15,23,20,18,16,26,86,75,202
CAGTTACCGCTTCCGCTACCGC,9,0,0,19,9,16,23,16,17,14,11,0
ATCTCGGTGGAACCTCCA,233,243,82,34,85,73,89,58,56,130,140,161
GCACTGAGATGGGAGTGGTGTAT,634,501,691,1311,859,837,780,1059,755,459,448,695
CACGCTCATGCACACACCCACA,85,74,26,15,16,15,32,19,15,34,9,15
TACAGTACTGTGATAACTGAAG,4152,3446,4255,5349,6218,7118,3683,5891,4671,3338,5035,2969
TACAGTACTGTGATAACTGAAG,4152,3446,4255,5349,6218,7118,3683,5891,4671,3338,5035,2969
TTCACAGTGGCTAAGTTCCG,2939,2332,1798,2110,1208,1622,3526,1924,2407,1072,1315,1068
TTATAATACAACCTGATAAGTG,6,9,21,52,33,32,83,28,39,6,9,17
TTATAATACAACCTGATAAGTG,6,9,21,52,33,32,83,28,39,6,9,17
AGGGCCCCCCCTCAATCCTGT,0,13,0,71,36,34,17,28,17,36,0,0
AGGCAAGATGCTGGCATAGCTGT,6671,8957,1531,1284,1120,990,1476,1083,969,1110,1282,1050
CTCCTGGCTGGCTCGCCA,24,13,0,18,21,25,38,25,26,0,17,0
TCTCCCAACCCTTGTACCAGTG,2041,3012,1407,1768,1968,1951,4846,2798,2950,1769,1784,1421
TAGCAGCACATAATGGTTTGT,821,680,361,395,285,363,306,260,276,611,630,402
AGGTGGTCCGTGGCGCGTTCG,26,50,0,205,103,80,95,91,73,84,51,56
TCTCCCAACCCTTGTACCAGTGG,9,18,0,19,11,16,56,18,22,0,0,0
,,,,,,,,,,,,
TTCCCGGCCAACGCACCA,39,16,15,58,27,32,57,31,39,0,10,17
TGTAAACAATTCCTAGGCAATGT,3029,3489,4890,3126,4556,4127,4072,4195,3945,6031,6047,4708
ACTTGAGCAAGTAACATTC,37,29,20,18,31,26,33,19,22,8,18,0
TGATTGGAAGACACTCTGCAAC,24,41,33,69,105,107,55,114,89,94,35,61
TGGACGGAGAACTGATAAGGGT,39633,32747,764,125,207,220,2185,1626,1909,70,163,105
CTTATGGCTTCAAGCTTTCGGT,15,24,0,15,3,16,8,7,7,58,77,14
AAGGGATTCTGATGTTGGTCAC,1149,1277,1413,1670,3268,1894,2341,2651,2219,1719,1441,1908
CTGTGGGCCACCTAGTCACC,0,21,0,49,41,45,31,35,34,84,47,21
TTTGGCACTAGCACATTTTTG,19428,21036,38960,29190,32118,35852,34210,32973,38211,19512,17520,23090
TATGGCTTTTCATTCCTATGTGA,445,462,964,754,867,1026,518,877,747,1204,1441,930
ATGGAGGTCTCTGTCTGACTTA,31,7,39,62,47,57,52,53,50,60,40,83
ACCCGTCCCGTTCGTCCCCGGAT,452,417,218,451,148,193,386,167,214,48,52,54
TCTACAGTGCACGTGTCTCCAGT,2062,1445,1149,834,1078,953,1100,938,1003,1082,1164,1178
CTGGGAGAAGGCTGTTTACTCT,20,18,55,150,45,75,84,58,80,16,26,29
TCGTGTCTTGTGTTGCAGCCGGT,741,530,264,209,240,194,230,308,280,315,258,268
AACTGGCCTACAAAGTCCCAGT,65,37,15,11,6,7,21,18,8,0,0,19
TGCCCAGTGCTCTGAATGTC,0,38,0,40,51,25,129,48,47,9,0,27
GCAAGGACAGCAAAGGGGG,78,90,91,72,26,30,60,55,37,80,41,50
CAAGCTCGTTTCTATGGGTCTGT,0,0,0,52,9,20,23,13,15,0,9,0
TTTCCTCTCTGCCCCATAGGGT,0,0,0,51,25,23,31,10,19,0,33,25
ACCCCACTCCTGGTACCA,59,32,21,27,40,34,51,33,29,0,10,19
TATGGCACTGGTAGAATTCACTG,21476,33683,39048,24443,52114,32600,36777,45329,42039,18959,16855,22875
GGTGGCTGTAGCTCAGTTGG,100,71,27,2,113,91,514,267,129,60,50,163
CGGGTGTTGACGCGATGTGATT,6,0,9,9,12,7,44,12,13,0,0,0
CGGGTGTTGACGCGATGTGATT,6,0,9,9,12,7,44,12,13,0,0,0
TGGAAGACTAGTGATTTTGTTGTT,13797,15977,23408,20070,46730,30659,24655,24380,30388,36358,31802,41987
AAAAGCTGGGTTGAGAGGGCAAA,9,16,0,31,17,15,19,12,16,0,0,12
AGATCAGAAGGTGACTGTGGCT,0,0,15,381,88,157,242,137,144,154,61,47
AAGGTTACTTGTTAGTTCAGG,617,620,434,623,317,490,464,393,481,391,268,212
CTCACTGAACAATGAATGCAA,48,58,24,76,110,106,89,78,81,96,95,35
TAGGCTAGAAAGAGGTTGGGGA,354,488,888,1453,550,630,649,606,606,1212,1119,1421
ACTGCAGTGAAGGCACTTGTGA,13,0,0,31,7,13,13,13,10,0,0,0
ATCATCGTCTCAAATGAGTCT,109,150,130,853,323,476,584,482,506,305,787,390
GTCCCTGTTCGGGCGCCA,10,18,0,21,16,17,18,25,16,0,14,0
TAAAGTGCTGACAGTGCAGATA,1634,1453,900,698,1237,1107,661,784,739,753,1013,561
CTGGGAGAGGGTTGTTTACTCC,15,24,18,31,21,17,34,24,28,12,0,21
TGAGAACTGAATTCCATGGGTTT,41,0,18,55,17,24,79,27,50,12,0,0
TAATACTGCCGGGTAATGATGGA,74,79,164,139,125,91,256,165,181,106,78,161
AACACACCCAGCTAACCTTTTT,474,517,406,282,702,559,378,496,430,581,848,788
TGATATGTTTGATATTAGGTTG,104,98,88,72,73,148,86,179,160,26,78,56
TCTGCCCAGTGCTCTGAATGTC,14,25,11,36,31,17,123,44,38,9,0,26
TGTCTGCCTGAGTGCCTGCCTCT,428,593,797,799,933,820,786,666,710,617,434,685
GGGTCTGTAGCTCAGTTGG,9,0,8,3,141,114,1068,314,175,0,0,21
TGAACTATTGCAGTAGCCTCCT,308,156,127,103,78,105,125,98,96,154,220,179
AGCTACATCTGGCTACTGGGTCT,645,361,273,879,539,574,1015,576,615,403,356,314
ACAGGTGAGGTTCTTGGGAGC,0,0,0,79,37,31,28,26,30,0,20,60
TAGCACCATCTGAAATCGGTTA,167972,113778,130737,64260,101503,92973,113843,130633,110659,98408,137188,94495
TGGTTTACCGTCCCACATACAT,20,0,0,10,21,18,13,18,12,28,37,17
CACTAGATTGTGAGCTCCTGGAA,122,256,79,171,270,252,457,306,313,349,289,142
ACTATATATCAAGCATATTCCT,59,32,0,0,0,0,0,3,0,12,33,25
CGGGTGTTGACGCGATGTGA,6,0,0,3,4,2,36,7,10,0,0,0
TGACAGACTTAGTACTACATGA,363,295,182,86,207,181,97,181,133,202,155,52
TGTCAGTTTGTCAAATACCCCA,159,90,0,8,6,2,12,5,8,0,7,0
CTGCGCAAGCTACTGCCTTGCT,13,0,0,71,23,31,28,18,19,0,34,17
TTGCATAGTCACAAAAGTGATC,94,87,33,394,140,238,209,168,148,513,498,111
TCTGCCCAGTGCTCTGAATGTCA,0,13,0,7,12,4,50,13,12,0,0,0
CACATGGCGCTCAACTCTGCAG,0,0,0,2,15,13,24,12,8,14,10,0
CACAGCTCCCATCTCAGAACA,354,269,458,385,504,458,331,325,335,377,269,132
TGTATGATACTGCAAACAGGA,0,0,0,13,4,4,14,15,3,0,10,0
CCGATATAGTGCTTGGTT,0,0,0,0,0,4,6,4,2,12,0,14
ATCTCGCTGGGGCCTCCA,122,113,30,34,86,96,84,105,82,30,37,17
TGGCTCAGTTCAGCAGGAACAGT,4098,3408,2653,4948,2999,3054,4244,3390,3413,2336,2492,2035
ATCCCACCACTGCCACCA,8,11,0,4,2,2,3,1,2,0,0,0
TTTCTGCCCAGTGCTCTGAATGTC,14,0,11,14,12,8,83,22,20,0,0,12
TTTCTGCCCAGTGCTCTGAATGTC,14,0,11,14,12,8,83,22,20,0,0,12
CAGTGCAATGATGAAAGGGCAT,28,24,0,15,7,13,18,9,12,0,0,0
GTGGATATTCCTTCTATGGTTAT,0,0,0,0,0,2,0,3,0,0,9,20
TCTGGCTGTTGTGGTGTGCAT,0,0,0,7,3,5,0,5,0,0,14,23
TGGAATGTAAGGAAGTGTGTGG,461,1799,337,122,94,40,61,97,41,517,309,320
ATTCTGCATTTTTAGCAAGCTT,0,0,0,3,4,2,0,4,2,12,0,10
TGTCCCTGTTCGGGCGCCA,0,7,0,3,4,5,6,5,6,0,4,0
TCAACAAAATCACTGATGC,28,66,0,8,5,11,13,5,5,30,51,35
AGTCTTACAGTCCTTACCA,17,18,0,13,43,32,33,27,19,10,16,17
CTCATCTATCACCCATGACTGATGG,91,0,58,0,0,1,0,5,0,16,11,56
TTGAAAGGCTGTTTCTTGGTC,258,348,355,324,530,502,420,482,526,373,451,536
TGGCAGTGTCTTAGCTGGTTGTT,237,258,155,418,256,255,240,209,266,222,190,99
TTACACTTGCCCTTTTTTCCCCAGT,24,0,21,2,3,10,0,2,2,10,14,12
TGAGGTAGTAGATTGTATAGTTTGG,11,0,11,7,45,32,15,65,33,0,6,18
TGAGGTAGTAGATTGTATAGTTTGG,11,0,11,7,45,32,15,65,33,0,6,18
TGATATGTTTGATATATTAGGTT,317,330,358,216,186,306,163,254,227,323,539,254
CCCAGTGTTCAGACTACCTGTTC,94,129,233,123,74,89,323,197,171,146,72,190
TTCGGTTATCTAGCTTTATGA,0,0,0,1,3,1,0,1,0,0,4,8
TCCTCTTCTCCCTCCTCCCAGT,0,0,0,4,11,5,2,3,5,0,8,0
TCCTCTTCTCCCTCCTCCCAGA,0,0,0,4,11,5,2,3,5,0,8,0
TTGCATATGTAGGATGTCCCA,0,0,0,5,11,15,5,9,13,0,14,0
TATGTAGTATGGTCCACATCT,209,187,76,139,236,250,122,179,182,373,373,167
TGAGGTAGTAGGTTGTGTGGTT,17342,15075,18932,31537,17572,14479,20465,18029,17547,12094,9652,12174
GCTACTTCACAACACCAGGGT,0,0,0,4,3,8,5,4,4,16,0,12
AGCTGGTGTTGTGAATCAGGCCG,178,166,50,856,240,400,353,301,312,225,409,279
CTTTCAGTCAGATGTTTGCTGC,19,0,0,53,32,60,51,39,62,84,40,0
AGTGGCGAACACAGAATCCATAC,0,0,0,22,6,11,0,6,3,16,0,0
TAGCGAGACCCCGTCTCTA,309,301,136,156,101,124,185,172,91,206,130,210
AAGTTGCCCGCGTGTTTTTCG,11,0,15,7,12,10,11,15,9,10,41,25
TCTGCTGACTGCCTATGGGC,0,0,0,34,6,17,8,15,19,56,0,80
TCAAATCTCGCTGGGGCCTCCA,17,0,27,0,6,7,0,6,3,0,0,0
CTGTACAGGCCACTGCCTTGCT,0,0,0,13,5,7,13,8,7,14,0,0
TGATCTAGCCAAAGCCTGACCGT,52,82,0,145,103,163,94,118,92,128,176,31
ACAGCAGGCACAGACAGGCAGT,33,13,15,17,6,4,12,35,22,0,0,17
AACTGTTTGCAGAGGAAACTGAGA,24,29,0,16,24,20,40,15,19,0,10,0
TGTCCTCTTCTCCCTCCTCCCAGT,15,18,15,20,33,20,14,14,16,0,21,14
AATATAACACAGATGGCCTGT,74,69,52,429,134,248,250,145,193,224,329,70
GCCCTAGGGACTCAGTTCTGGT,0,13,0,13,16,17,21,24,19,20,14,62
ATGGTTGACCATAGAACATGCG,122,108,42,102,197,214,102,138,135,96,126,136
TGGAATGTAAAGAAGTATGTAT,100,314,162,63,103,74,88,127,101,155,112,124
TGGAATGTAAAGAAGTATGTAT,100,314,162,63,103,74,88,127,101,155,112,124
TGAGAACTGAATTCCATAGGCTGT,1328,1258,606,2235,886,1321,1362,833,1408,835,607,351
ATCGTAGAGGAAAATCCACGTT,35,55,0,19,28,27,36,27,12,48,104,41
CAGTGCAATAGTATTGTCAAAGC,295,216,55,253,211,287,201,247,258,481,482,200
CTTTCAGTCGGATGTTTACAGT,4514,4808,5465,3051,4773,3794,3587,3590,4362,4470,3480,4528
GCTCTTTTCACATTGTGCTAC,24,13,0,3,0,3,0,0,0,10,0,0
AGTCAGGCTCCTGGCAGGAGT,0,0,0,10,9,3,0,8,5,0,11,12
GGTTTGGCAATGGTAGAACTCACAC,13,0,70,0,0,2,0,2,0,20,28,31
TAATCTCAGCTGGCAACTGTGA,24,16,0,55,12,46,39,34,31,32,40,23
TTCGGCTGCATTTCTCGGTTGT,43,21,0,27,82,68,33,83,69,28,55,56
ATATACATACACACATACAC,13,0,22,3,0,5,0,0,0,12,9,0
TGAAGGTCTACTGTGTGCCAGG,43,45,15,30,39,32,54,57,45,20,41,43
ACCACAGGGTAGAACCACGGAC,1034,915,800,1691,782,1018,868,752,767,1136,1266,1203
TATTGCACATTACTAAGTTGC,109,76,36,64,36,44,55,37,30,0,64,0
AATTCTGCCAGTCCCCTTCAGACAAA,17,0,13,9,8,5,0,6,5,0,4,0
CCCAGGGCAGAGCAGTGTGA,0,0,0,4,11,8,8,12,6,22,0,10
TTCACAGTGGCTAAGTTCTGCG,11,0,0,12,9,17,15,22,20,16,14,66
GGTATAACCAAAGCCCGACTGA,0,0,0,16,17,10,15,19,7,0,13,35
TGTTATAGTATCCCACCTACCC,0,13,18,0,0,2,0,0,0,30,11,0
CGAATCATTATTTGCTGCTCT,78,34,0,11,13,20,23,15,15,0,0,0
AACATCCTGCATAGTGCTGCCA,0,0,0,5,0,7,0,7,0,0,13,12
CCCACGTCCGGCGCTCCCTCAGA,0,0,11,4,6,6,6,6,3,0,0,0
TTTTTCATTATTGCTCCTGA,19,0,0,7,4,5,10,7,4,40,35,0
CATTATTACTTTTGGTACGCG,4613,6517,1428,1987,780,1463,3018,1330,2228,2755,3903,1496
TAGCCAGGGGCTTGACTGCAAT,0,0,0,13,3,16,0,5,2,14,0,37
TAACTCTTCCCTTGTGCCCTCAG,0,0,0,4,6,2,6,0,5,0,9,14
AGCCACTGCCCACAGCACACTG,22,0,0,40,21,15,23,13,21,0,16,17
TTCCCTTTGTCATCCTTTGCCTC,39,55,0,9,5,7,14,11,7,23,21,22
TTTGGCAATGGTAGAACTCACAC,103561,165838,258975,135503,235893,189958,193297,202653,227555,117036,104195,142683
GCGACCCATACTTGGTTTCAGT,0,26,24,8,13,16,10,25,13,98,68,0
AATGCACCTGGGCAAGGGTTC,187,166,139,182,229,192,178,210,173,176,174,188
CTTAGCACGTTGTATTATTATT,133,90,240,57,121,97,170,158,155,44,121,128
TCTCTCTTCCTCCTCACTGTGG,0,0,0,29,8,10,10,6,16,0,0,21
TAAGGTGCATCTAGTGCAGATAG,113,53,0,22,10,12,21,14,14,0,0,19
CCACGTCCGGCGCTCCCTCAGA,0,0,0,1,0,2,2,1,4,0,4,0
GGAGTATTGTTTCCGCTGCCTGG,26,37,0,10,3,2,23,13,13,0,9,10
TCTGATCGTTCCCCTCCATACA,13,24,0,13,16,12,0,5,9,14,16,19
TTGGTCCCCTTCAACCAGCTGT,30,55,0,24,4,11,26,15,22,50,24,56
TGATTGTCCAAACGCAATTCT,22,0,30,35,35,43,59,25,29,28,11,33
TGATGTGTTTATATCCAGT,15,8,0,3,0,0,0,0,0,0,9,25
TCAGTGCATGACAGAACTTGGGTTT,9,0,0,2,8,3,6,4,6,0,0,0
TACTGCAGTGTGAGCACTTCTGG,120,145,0,41,48,42,31,43,28,64,101,111
AATCACTAACCACACAGCCAGG,106,21,0,2,0,0,0,0,0,0,9,0
CCCTGAACTAGGGGTCTGGAGT,20,13,27,67,15,34,29,17,32,20,18,0
TCCGGTGCACACTGTAGGC,0,0,15,31,0,10,24,12,18,0,9,0
CTAAGGCAGGCAGACTTCAGT,122,251,49,85,122,95,102,67,90,66,47,29
CGTGGGCCTGACGTGGAGCTGG,28,66,27,94,65,35,63,42,33,22,34,33
AGGAAGCCCTGGAGGGGCTGGAGG,87,50,52,206,74,86,94,68,75,162,99,105
ACGTTGGCTCTGGTGGTGATGT,0,0,0,9,9,5,8,9,10,0,0,19
TCGCGCCTGTGAATAGCCACTGCAC,0,0,0,8,4,2,12,2,5,24,0,10
TGTGACAGATTGATAACTGAAAGT,113,174,0,32,37,32,42,47,50,44,17,12
TGAAACATACACGGGAAACCTCT,39,55,18,11,23,25,17,15,14,44,7,43
TGACCGATTTCTCCTGGTGTTC,439,290,555,347,574,561,348,554,540,413,885,767
CCTAGTAGGTGCTCAGTAAGT,1074,1269,1161,863,1992,1580,1045,1396,1518,1036,935,937
TGGAGACGCGGCCCTGTTGGAGT,9,45,0,50,28,17,42,30,22,12,16,0
CTGTTACCACTAACCTCAACC,30,45,0,8,9,8,7,6,5,12,17,60
GCAGTCCACGGGCATATACAC,117,113,42,97,122,95,25,62,58,68,50,151
TGAGGTAGTAGTTTGTGCTGTTAT,813,691,1389,878,1986,1597,1039,1881,1669,1044,865,1351
TCGAACTTGACTATCTAGAGGA,0,26,11,5,3,2,13,11,7,0,9,0
CTATACAGTCTACTGTCTTTCT,14,20,8,14,16,13,13,13,17,14,48,20
TTCAAGTAATCCAGGATAGGCTGG,19,0,0,9,2,3,3,2,1,26,6,11
CTCCTGACTCCAGGTCCTGTGT,35,50,0,83,27,54,73,41,52,46,26,25
CTGTACAGCCTCCTAGCTTTCC,31,21,0,3,9,4,0,0,3,10,0,31
TAGCAGCGGGAACAGTACTGCAG,24,53,0,3,8,3,6,2,2,34,14,0
GTCCGGTGCGGAGAGCCATTC,0,0,0,11,4,0,12,30,5,24,0,0
TCTGATCGTTCACCTCCATAC,119,177,221,165,314,269,195,205,215,224,182,231
ACTCTAGCTGCCAAAGGCGCT,15,40,0,13,0,7,0,2,2,0,13,0
TTTGTTCGTTCGGCTCGCGTGA,3029,12203,8544,6374,13746,9581,10410,14763,12721,9286,8811,7578
CAATTTAGTGTGTGTGATATT,0,13,0,2,0,2,11,3,4,0,0,0
TCATGTCCCTGTTCGGGCGCCA,28,15,0,6,2,4,4,2,4,12,0,0
AGCACCACGTGTCTGGGCCACGT,0,0,0,61,0,13,15,4,7,0,14,0
TGGAGTGTGACAATGGTGTTT,13,53,36,8,31,16,8,27,18,24,28,99
AAGCCCTTACCCCAAAAAGCAT,8206,8039,17121,7169,12981,11416,5886,8815,9095,12267,14487,11784
GCTCTGACTTTATTGCACTACT,104,47,49,39,49,57,40,52,49,52,40,27
TCCCTGTCCTCCAGGAGCTCA,144,87,64,129,94,94,109,76,93,14,82,85
ACTGGGCTTGGAGTCAGAAG,0,0,0,3,2,1,0,2,2,0,4,0
AATCCTTGGAACCTAGGTGTGA,67,16,33,22,18,19,18,19,15,50,23,19
AACACACCTGTTCAAGGATTCA,43,13,24,30,9,16,16,4,17,14,20,0
ATCAACAGACATTAATTGGGCGC,146,103,88,253,125,162,176,143,158,138,241,134
TGGAGAGAAAGGCAGTTCCTGAAGT,0,0,0,10,3,5,5,3,8,12,0,0
CTATGGCTTTTTATTCCTATGTGA,133,13,18,13,23,31,4,24,12,42,50,85
TCAGTCTCATCTGCAAAGAAGT,0,0,0,1,0,2,2,2,2,0,5,0
TCAGTCTCATCTGCAAAGAAGT,0,0,0,1,0,2,2,2,2,0,5,0
CGGCGGGTGTTGACGCGA,22,32,18,7,15,5,36,11,14,32,5,61
CGGCGGGTGTTGACGCGA,22,32,18,7,15,5,36,11,14,32,5,61
AATGAACTAGCCCTGAAA,0,0,0,6,10,0,21,4,5,17,0,5
TGAGTGTGTGTGTGTGAGTGTGT,24,11,0,3,4,2,6,3,2,0,0,10
TGAGTGTGTGTGTGTGAGTGTGT,24,11,0,3,4,2,6,3,2,0,0,10
TTCCCGGCCAACGCACCAAAA,0,7,11,5,8,5,4,5,9,0,5,0
TGTGTTTTGTGTATGTACATGT,12,0,0,1,3,3,6,3,6,0,0,0
TGTGATGTGTGTATGTATATGT,48,0,58,10,17,9,4,18,11,16,0,39
TACCCTGTAGATCCGAATTTGT,161,145,167,294,260,217,618,302,358,635,31,74
CTCACTGGTCAATGAATGCAA,11,74,0,5,0,0,4,2,6,0,16,14
AAAGTTCTGAGACACTCTGACT,13,0,21,5,0,6,0,2,2,0,16,0
TAAGGTAGTAGATTGTATAGTT,0,0,0,3,13,7,0,7,8,0,0,14
ATCCCACCGCTGCCACCAA,25,20,0,6,8,5,2,5,6,0,11,17
GGGAGCCAGGAAGTATTGATGTT,93,98,212,103,121,65,109,145,75,42,54,118
ATTAGGGTTGCAGAGCCA,0,0,0,6,3,8,5,6,2,0,14,0
GAAGTTCTGTTATACACTCAGGC,102,40,88,36,49,39,78,47,59,0,50,85
TGAAGAGAGGTTATCCTTTGTGTGT,9,0,0,5,6,16,0,6,5,54,10,0
CTCACCTGGAGCATGTTTTCT,267,414,603,324,396,399,527,475,477,451,462,431
TTTGGTCCCCTTCAACCAGCT,22,0,0,2,1,3,0,1,2,10,33,0
AGCTTCTTTACAGTGCTGCCTTGA,0,0,0,9,8,0,0,4,0,0,14,0
GGTGGTGCAGGCAGGAGAGC,19,0,0,29,10,8,23,16,9,0,0,19
ATGGTAATGGTGGTGGTGATGGA,0,0,0,5,3,4,0,0,3,0,13,0
AATCATGTGCAGTGCCAATATT,0,0,18,0,0,2,0,3,0,20,7,0
TTGTCTGTGTGTATGTCCATGT,0,0,0,4,8,11,11,16,17,44,0,0
CTATCACCCTTGACTGATGGCT,0,0,18,0,0,1,0,2,0,0,0,0
TGGATTTTTGGAGCAGGGA,23,15,0,0,0,0,6,0,0,41,0,0
CTTTCAGTCGGATGTTTGCAGC,1602,2110,1621,1484,1671,1479,1696,1509,1808,1384,1664,1719
CACGCTCATGCACACACCCACAA,41,0,0,1,0,1,3,8,0,0,0,0
CAGTGGTTTTACCCTATGGTAG,363,179,312,340,230,388,182,205,238,200,399,165
GGATATCATCATATACTGTAAGT,9,0,0,3,5,2,0,0,4,0,0,0
TAAGGTGCATCTAGTGCTGTTAG,22,0,0,0,0,2,4,0,0,0,0,0
ACCAATATTACTGTGCTGCTTT,13,0,0,13,6,7,21,10,7,18,16,0
AATCCTTGCTATCTGGGTGCTTAGT,0,0,0,3,3,2,0,2,0,0,11,0
TTGGAGGCGTGGGTTTTT,0,0,0,0,0,2,0,0,3,0,0,14
TAGGTTATCCGTGTTGCCTTCGT,13,0,0,5,5,7,0,7,2,26,10,0
AAGGTAGATAGAACAGGTCTTG,1921,2263,1622,1300,2051,1540,1477,1741,1771,1837,1605,2061
TTCCCGGCCAACGCACCAAAAA,0,0,0,1,4,2,0,2,2,0,0,7
GCACTGAGATGGGAGTGGTAA,9,0,0,3,5,6,0,10,3,12,0,17
CTGACTTCTCTCTTCATGCAGT,0,0,0,0,0,2,0,5,2,0,9,0
ATCGGGAATATCGTGTCCGCCC,69,13,0,13,4,8,8,4,13,66,9,17
CACTCAGTAAGGCATTGTTCTT,0,0,0,0,0,2,0,3,3,0,7,0
AGCTTCTTTACAGTGTTGCCTTG,0,0,0,5,3,5,4,9,6,50,0,0
CACGCTCATGCACACACCCA,6,0,0,1,0,1,3,2,0,0,0,0
AGGCGGAGACACGGGCAATTGCT,69,29,42,48,57,29,36,25,31,26,48,95
TGGCAGTGTATTGTTAGCTGGT,0,0,0,0,0,2,0,2,0,0,9,0
AGCTGGTGTTGTGAATCAGGCCGG,0,0,0,4,0,0,2,0,0,14,0,0
AGGGACGGGACGCGGTGCAGTGTT,13,13,0,10,3,4,0,0,0,26,0,0
CATAAGTGTAGAGAGTCTGTAGT,17,0,0,2,0,2,5,0,0,0,0,0
TCCCTGTCCTCCAGGAGCTCACT,19,0,0,12,3,2,0,6,0,0,0,0
AGTCCCTGTTCGGGCGCCA,6,0,0,3,0,1,2,1,1,0,0,0
CTATACGACCTGCTGCCTTTCT,2757,2893,4348,1933,3122,2837,2814,2704,2864,3656,2106,4262
CAAGCTTGTGTCTATAGGTATG,13,0,0,0,0,3,0,0,4,0,0,0
AATCCCACTCCTGACACCA,24,21,0,8,9,10,10,7,3,0,0,19
GGGGGCCGATGCACTGTAAGAGA,0,0,0,5,5,0,10,2,3,0,0,17
TGCGGGGCTAGGGCTAACAGCAAG,0,0,0,2,4,0,0,6,2,0,7,0
AGTTTTGCAGGTTTGCATCCAGC,0,0,0,0,3,2,0,0,2,0,7,0
TAACACTGTCTGGTAAAGATGGC,33,66,124,70,50,49,127,51,48,46,21,62
GAGGAAACTCTGGTGGAG,0,0,0,1,2,0,2,2,0,5,0,0
TCAGTTATCACAGTGCTGATGC,0,0,0,5,0,5,0,3,8,24,0,0
GATATCAGCTCAGTAGGCACCGA,0,0,0,4,0,2,4,0,2,0,0,14
CAATATATTAAATGGATTTT,0,12,0,0,0,0,0,0,1,14,0,0
TCACCCGTCCTCTGGCCCACAGT,0,0,0,3,3,0,4,2,0,0,13,0
CACGCTCATGCACACACCCAC,0,15,0,2,5,2,5,3,0,0,0,0
GGTGGTTCAGTGGTAGAA,0,7,0,2,0,2,0,2,1,0,0,0
GGTGGTTCAGTGGTAGAA,0,7,0,2,0,2,0,2,1,0,0,0
TTAGTTCTTGCTATCCTGCAGT,0,0,0,2,0,0,0,0,2,0,7,0
CATGGTTCTGTCAAGCACCGCGA,0,0,0,0,4,2,0,3,2,10,0,0
TCCCCACGTCCGGCGCTCCCTCT,6,0,0,1,0,0,0,0,1,12,0,0
AACTGGCCCTCAAAGTCCCGCT,91,61,70,102,63,55,75,49,52,96,106,45
GAGGGACTTTCAGGGGCAGCTGT,0,18,0,2,0,0,0,2,0,0,10,0
CTGAGACCCTAACTTGTGAAA,8,7,0,1,3,3,0,5,3,11,0,5
TGTGTGTGTGTGTGTGTG,0,0,0,5,0,2,4,0,0,10,0,0
TAGGCTAGAAAGAGGTTGAAA,0,13,0,3,0,3,0,6,0,0,0,0
ATGACCTATGATTTGACAGACA,0,0,0,3,3,0,7,0,0,0,13,0
TAACACTGTCTGGTAAAGATGGCT,9,0,0,3,0,2,5,0,0,0,0,0
CGATGTGATTTCTGCCCAGTGC,8,0,17,10,6,4,27,6,13,10,0,31
TTCTGCCCAGTGCTCTGA,8,0,17,10,6,4,27,6,13,10,0,31
TATGGCTTTTTATTCCTATGTGA,10233,7712,6637,7104,9933,12306,7351,10561,9671,8299,9973,6559
TTCCCTTTGTCATCCTATGCCTGG,70,63,27,103,17,66,84,22,32,7,13,73
CTCACAGCTCCGGTCCTTGGAGC,17,0,0,31,0,12,10,6,0,22,0,0
CCATGGATCTCCAGGTGGGT,31,0,0,28,3,5,0,2,2,12,14,0
TGGAAGACTAGTGATTTTGTTGTTC,0,0,18,0,2,1,2,3,3,0,0,8
TTCAAGTAATCCAGGATAGGCT,60391,58885,56345,113890,44391,65673,90488,54696,72340,78343,83741,59276
TGATTGGAAGACACTCTGCAACA,16,41,33,25,38,47,21,32,33,40,23,28
TAGCAGCACGTAAATATTGGCGAT,15,61,39,41,52,41,29,34,31,50,0,45
GTAGAGGAGATGGCGCAGGGGA,0,34,15,47,28,16,20,31,19,50,7,0
AAAAGCATGCTCCAGTGGCGC,13,0,0,0,0,2,5,2,2,0,9,0
AATGTGACTCAGCTATCTGAAC,11,0,0,6,0,7,0,0,2,0,11,0
TATCCCACTTCTGACACCA,0,18,0,3,4,6,3,1,1,15,5,0
TTGCAAGCAACACTCTGTGGCAGA,26,55,0,28,15,21,20,31,16,0,30,14
TTATAAAGCAATGAGACTGATT,785,696,900,1099,762,910,900,812,874,621,1181,790
TTGTACATGGTAGGCTTTCATT,183,351,312,208,433,311,290,309,380,270,269,334
CACACACACACACACACA,0,13,15,10,1,4,10,7,7,0,6,21
TGGAATGTAAGGAAGTGTGTGA,11,0,0,6,7,0,6,5,3,0,7,0
TCGAGGAGCTCACAGTCTAGTAGT,9,24,15,15,20,20,23,24,18,18,0,35
CAAATCTTATTTGAGCACCTGT,0,13,0,9,3,8,6,6,9,0,7,17
ATCCGAGTCACGGCACCA,6,0,0,1,0,2,0,2,0,0,0,5
TGGAAGACTAGTGATTTTGTTGTAC,9,0,0,8,6,4,6,5,2,0,0,21
CAGCAGCAATTCATGTTTTGAAT,0,7,0,1,0,2,0,2,1,0,0,7
ATCCCACTCCTGACACCAT,8,0,0,1,2,5,6,5,2,5,0,5
AAATGGTGCCCTAGTGACTACA,0,26,0,3,4,7,0,11,5,12,13,0
TCGAAACCATCCTCTGCTAC,0,9,0,1,2,1,3,4,2,0,7,0
ACCCGGTGGTTCTAGACTTGC,0,0,21,4,0,11,10,4,3,10,0,0
AGGGCTTAGCTGCTTGTGAGCA,26,0,0,6,6,11,10,6,13,18,0,0
CGAATGAACTAGCCCTGAAA,17,34,0,29,14,0,44,11,8,36,0,10
TGTGTTTTGTGTGTGTACATGT,0,11,9,2,8,6,3,9,6,5,0,17
CAACCCTAGGAGGGGGTGCCATTC,0,0,18,7,6,5,5,5,4,20,0,0
TCTGACCCTATGTCCCCCACAGT,24,0,0,4,10,10,6,9,4,26,0,0
